Tumor_Sample_ID,Tumor_Sample_Index
TCGA-13-0751,0
TCGA-BS-A0U7,1
TCGA-B5-A11S,2
TCGA-24-1419,3
TCGA-A8-A0A2,4
TCGA-D1-A177,5
TCGA-AQ-A04J,6
TCGA-78-7143,7
TCGA-AA-3692,8
TCGA-A7-A5ZW,9
TCGA-61-2113,10
TCGA-AG-A02X,11
TCGA-75-6214,12
TCGA-E2-A152,13
TCGA-A8-A09V,14
TCGA-AG-4015,15
TCGA-13-1488,16
TCGA-C8-A133,17
TCGA-AP-A056,18
TCGA-AG-A00C,19
TCGA-04-1348,20
TCGA-86-6851,21
TCGA-A2-A0CU,22
TCGA-26-6174,23
TCGA-44-6147,24
TCGA-D1-A0ZQ,25
TCGA-44-2657,26
TCGA-AO-A0JB,27
TCGA-76-4928,28
TCGA-B6-A0RE,29
TCGA-AG-A00Y,30
TCGA-04-1342,31
TCGA-E9-A1NC,32
TCGA-E9-A1RH,33
TCGA-A2-A25E,34
TCGA-AA-3869,35
TCGA-AO-A1KR,36
TCGA-BH-A0BA,37
TCGA-04-1350,38
TCGA-BG-A0M2,39
TCGA-BH-A1EX,40
TCGA-D8-A27E,41
TCGA-D8-A27I,42
TCGA-64-1677,43
TCGA-C8-A1HK,44
TCGA-AX-A062,45
TCGA-A7-A26G,46
TCGA-AA-A03F,47
TCGA-A8-A09E,48
TCGA-EW-A1P6,49
TCGA-36-1568,50
TCGA-55-7728,51
TCGA-A2-A1G1,52
TCGA-24-1413,53
TCGA-A5-A0VP,54
TCGA-61-2002,55
TCGA-AG-3901,56
TCGA-BG-A0M0,57
TCGA-AG-A002,58
TCGA-D8-A142,59
TCGA-76-6191,60
TCGA-06-0216,61
TCGA-C8-A132,62
TCGA-AA-3681,63
TCGA-55-6981,64
TCGA-25-1328,65
TCGA-A2-A0YD,66
TCGA-BG-A187,67
TCGA-75-6207,68
TCGA-GM-A3XN,69
TCGA-50-5942,70
TCGA-24-2298,71
TCGA-02-0003,72
TCGA-AA-3844,73
TCGA-E2-A14V,74
TCGA-73-7499,75
TCGA-27-2527,76
TCGA-AA-3664,77
TCGA-06-0137,78
TCGA-26-5136,79
TCGA-E2-A14X,80
TCGA-AG-3598,81
TCGA-61-2008,82
TCGA-AX-A0J0,83
TCGA-AC-A2B8,84
TCGA-BS-A0UT,85
TCGA-C8-A26V,86
TCGA-AR-A2LJ,87
TCGA-A2-A0YI,88
TCGA-AA-3833,89
TCGA-24-2262,90
TCGA-97-7553,91
TCGA-AX-A063,92
TCGA-12-1597,93
TCGA-A8-A09T,94
TCGA-FI-A2D2,95
TCGA-BG-A2AE,96
TCGA-AQ-A54O,97
TCGA-E2-A3DX,98
TCGA-41-3915,99
TCGA-AA-3972,100
TCGA-BH-A0BW,101
TCGA-AA-3534,102
TCGA-61-2101,103
TCGA-E2-A10B,104
TCGA-A2-A0T2,105
TCGA-24-1431,106
TCGA-44-4112,107
TCGA-GM-A2DN,108
TCGA-13-0727,109
TCGA-C8-A274,110
TCGA-D8-A1X7,111
TCGA-BH-A5J0,112
TCGA-BH-A0B8,113
TCGA-BH-A18P,114
TCGA-78-7535,115
TCGA-AG-3902,116
TCGA-AF-3400,117
TCGA-BH-A208,118
TCGA-GM-A2DI,119
TCGA-MS-A51U,120
TCGA-78-7167,121
TCGA-44-2656,122
TCGA-B6-A0I5,123
TCGA-14-0740,124
TCGA-AO-A0J9,125
TCGA-EY-A1GS,126
TCGA-A7-A5ZV,127
TCGA-50-5051,128
TCGA-BH-A1EW,129
TCGA-AN-A04D,130
TCGA-BG-A18B,131
TCGA-A8-A09R,132
TCGA-A7-A26H,133
TCGA-25-2408,134
TCGA-C8-A130,135
TCGA-AP-A05N,136
TCGA-E2-A15S,137
TCGA-D8-A145,138
TCGA-19-5958,139
TCGA-EW-A1OX,140
TCGA-AX-A1CP,141
TCGA-D8-A143,142
TCGA-13-1489,143
TCGA-AA-3939,144
TCGA-28-5214,145
TCGA-61-2097,146
TCGA-95-7043,147
TCGA-25-2400,148
TCGA-24-0980,149
TCGA-76-4935,150
TCGA-OL-A66H,151
TCGA-55-6971,152
TCGA-E2-A1LA,153
TCGA-49-4510,154
TCGA-OL-A5DA,155
TCGA-13-0890,156
TCGA-20-0990,157
TCGA-D8-A1JC,158
TCGA-B5-A0K8,159
TCGA-44-6145,160
TCGA-06-0686,161
TCGA-B5-A0JR,162
TCGA-44-2661,163
TCGA-AR-A24T,164
TCGA-D1-A17B,165
TCGA-E2-A15A,166
TCGA-78-7148,167
TCGA-06-0132,168
TCGA-41-3392,169
TCGA-44-5645,170
TCGA-06-0210,171
TCGA-06-0185,172
TCGA-B5-A11X,173
TCGA-AA-A02Y,174
TCGA-81-5910,175
TCGA-69-7765,176
TCGA-24-1567,177
TCGA-06-0124,178
TCGA-AC-A2FF,179
TCGA-BK-A13C,180
TCGA-AR-A2LE,181
TCGA-C8-A131,182
TCGA-55-6543,183
TCGA-AA-3555,184
TCGA-AR-A252,185
TCGA-D8-A1XZ,186
TCGA-D8-A27K,187
TCGA-E2-A56Z,188
TCGA-E2-A1L8,189
TCGA-BH-A42V,190
TCGA-50-7109,191
TCGA-A2-A0ET,192
TCGA-10-0927,193
TCGA-A1-A0SE,194
TCGA-BH-A0E7,195
TCGA-06-0140,196
TCGA-E9-A1RI,197
TCGA-19-5950,198
TCGA-OL-A66J,199
TCGA-OL-A5RW,200
TCGA-D8-A1X6,201
TCGA-A8-A06X,202
TCGA-D8-A1JN,203
TCGA-AA-A01R,204
TCGA-06-0195,205
TCGA-AA-A022,206
TCGA-AG-A011,207
TCGA-AG-4007,208
TCGA-24-1416,209
TCGA-B6-A0X4,210
TCGA-E9-A1NE,211
TCGA-05-4418,212
TCGA-AR-A24Z,213
TCGA-B5-A11Z,214
TCGA-B6-A0X5,215
TCGA-E9-A1QZ,216
TCGA-13-0793,217
TCGA-AA-3544,218
TCGA-27-2523,219
TCGA-24-1553,220
TCGA-E2-A105,221
TCGA-74-6577,222
TCGA-E2-A1LH,223
TCGA-06-2558,224
TCGA-AC-A2QH,225
TCGA-E2-A107,226
TCGA-75-7031,227
TCGA-D1-A0ZO,228
TCGA-13-1484,229
TCGA-E9-A1NG,230
TCGA-AR-A24P,231
TCGA-44-7671,232
TCGA-B6-A0RP,233
TCGA-76-4927,234
TCGA-19-5960,235
TCGA-AX-A0IS,236
TCGA-AA-3561,237
TCGA-E2-A1IU,238
TCGA-A6-2683,239
TCGA-AR-A24Q,240
TCGA-69-7764,241
TCGA-32-2494,242
TCGA-BH-A0H3,243
TCGA-AN-A04A,244
TCGA-D8-A1JH,245
TCGA-A2-A0EN,246
TCGA-BG-A0W1,247
TCGA-AX-A05S,248
TCGA-06-0213,249
TCGA-19-5952,250
TCGA-25-1626,251
TCGA-53-7813,252
TCGA-AG-3582,253
TCGA-27-2519,254
TCGA-E9-A3Q9,255
TCGA-C8-A12X,256
TCGA-A2-A25A,257
TCGA-E2-A15C,258
TCGA-B5-A11J,259
TCGA-20-0991,260
TCGA-06-0192,261
TCGA-44-2662,262
TCGA-04-1347,263
TCGA-D1-A15W,264
TCGA-C8-A12Y,265
TCGA-55-7726,266
TCGA-BH-A202,267
TCGA-B6-A402,268
TCGA-06-5411,269
TCGA-49-4505,270
TCGA-AG-3581,271
TCGA-AN-A0AL,272
TCGA-AF-2692,273
TCGA-55-7283,274
TCGA-A8-A07P,275
TCGA-E2-A15D,276
TCGA-E2-A1IE,277
TCGA-BS-A0U5,278
TCGA-15-1444,279
TCGA-15-0742,280
TCGA-06-0125,281
TCGA-06-6391,282
TCGA-05-4398,283
TCGA-C8-A12O,284
TCGA-AG-3587,285
TCGA-AN-A0XU,286
TCGA-AC-A3OD,287
TCGA-13-1408,288
TCGA-25-1631,289
TCGA-AG-3893,290
TCGA-13-1504,291
TCGA-C8-A1HL,292
TCGA-78-7633,293
TCGA-A2-A0YF,294
TCGA-BH-A0B0,295
TCGA-23-1123,296
TCGA-AG-A032,297
TCGA-BG-A0YU,298
TCGA-AR-A0U3,299
TCGA-BH-A1F8,300
TCGA-AR-A1AO,301
TCGA-26-6173,302
TCGA-B6-A0X7,303
TCGA-06-0129,304
TCGA-06-5415,305
TCGA-PE-A5DC,306
TCGA-25-1634,307
TCGA-16-1048,308
TCGA-14-1043,309
TCGA-32-4213,310
TCGA-A2-A0ER,311
TCGA-AG-A01Y,312
TCGA-75-5146,313
TCGA-24-1563,314
TCGA-A8-A09W,315
TCGA-D1-A163,316
TCGA-A5-A0GN,317
TCGA-61-1736,318
TCGA-D8-A1XJ,319
TCGA-23-1023,320
TCGA-BH-A0C7,321
TCGA-78-7537,322
TCGA-AA-A01S,323
TCGA-AA-3514,324
TCGA-E2-A153,325
TCGA-13-0717,326
TCGA-BG-A0VZ,327
TCGA-25-1320,328
TCGA-AO-A03M,329
TCGA-BH-A0WA,330
TCGA-06-0743,331
TCGA-BH-A0BR,332
TCGA-E2-A1IF,333
TCGA-31-1959,334
TCGA-C8-A3M7,335
TCGA-24-1558,336
TCGA-D8-A1JG,337
TCGA-05-4433,338
TCGA-AA-A01F,339
TCGA-BS-A0V6,340
TCGA-B5-A11V,341
TCGA-24-0975,342
TCGA-25-2392,343
TCGA-13-1407,344
TCGA-GM-A2DM,345
TCGA-06-0154,346
TCGA-A2-A4S3,347
TCGA-10-0933,348
TCGA-78-7154,349
TCGA-AA-A00E,350
TCGA-49-6745,351
TCGA-78-7540,352
TCGA-AN-A0FN,353
TCGA-AA-3548,354
TCGA-AX-A05T,355
TCGA-50-5049,356
TCGA-06-6700,357
TCGA-BH-A1F6,358
TCGA-D8-A1Y2,359
TCGA-25-1322,360
TCGA-AR-A24N,361
TCGA-AR-A2LM,362
TCGA-06-0882,363
TCGA-A1-A0SG,364
TCGA-BH-A1FH,365
TCGA-57-1583,366
TCGA-AG-3887,367
TCGA-57-1584,368
TCGA-04-1517,369
TCGA-78-7163,370
TCGA-AA-3538,371
TCGA-B6-A0IH,372
TCGA-44-7672,373
TCGA-27-1833,374
TCGA-24-2289,375
TCGA-29-2427,376
TCGA-BS-A0UV,377
TCGA-A7-A3IZ,378
TCGA-D8-A1XY,379
TCGA-B6-A0RT,380
TCGA-D1-A16S,381
TCGA-05-4395,382
TCGA-A8-A07I,383
TCGA-04-1331,384
TCGA-28-2499,385
TCGA-AG-3896,386
TCGA-AR-A2LQ,387
TCGA-AA-3519,388
TCGA-78-7162,389
TCGA-B6-A0I8,390
TCGA-AA-3553,391
TCGA-E9-A22D,392
TCGA-EW-A1J5,393
TCGA-67-6216,394
TCGA-A2-A0YJ,395
TCGA-06-0171,396
TCGA-75-7025,397
TCGA-B6-A0IC,398
TCGA-13-0883,399
TCGA-A8-A08P,400
TCGA-04-1514,401
TCGA-76-4932,402
TCGA-D8-A1JI,403
TCGA-AN-A0XV,404
TCGA-B6-A0I9,405
TCGA-EW-A1PH,406
TCGA-BH-A1FN,407
TCGA-BH-A0HL,408
TCGA-BH-A1FJ,409
TCGA-D1-A16Q,410
TCGA-AO-A03T,411
TCGA-78-7150,412
TCGA-76-4931,413
TCGA-AA-A01D,414
TCGA-32-1991,415
TCGA-E2-A150,416
TCGA-BH-A18S,417
TCGA-AC-A2FB,418
TCGA-AG-4005,419
TCGA-AO-A03N,420
TCGA-A8-A0A7,421
TCGA-BG-A0M8,422
TCGA-25-1635,423
TCGA-BS-A0UF,424
TCGA-55-6972,425
TCGA-EW-A1J3,426
TCGA-A2-A0T1,427
TCGA-D8-A1X9,428
TCGA-AR-A24W,429
TCGA-A8-A0AD,430
TCGA-AA-3971,431
TCGA-JL-A3YW,432
TCGA-06-6388,433
TCGA-06-0151,434
TCGA-AG-3999,435
TCGA-BG-A0VX,436
TCGA-28-1753,437
TCGA-09-1661,438
TCGA-A2-A0YM,439
TCGA-27-2528,440
TCGA-13-0714,441
TCGA-A8-A091,442
TCGA-AO-A129,443
TCGA-A8-A090,444
TCGA-06-5418,445
TCGA-BH-A0BO,446
TCGA-AA-3872,447
TCGA-24-2290,448
TCGA-AA-3842,449
TCGA-A7-A0CE,450
TCGA-04-1530,451
TCGA-BH-A0HK,452
TCGA-24-2271,453
TCGA-AA-3715,454
TCGA-AA-3672,455
TCGA-13-0761,456
TCGA-97-7938,457
TCGA-B6-A1KN,458
TCGA-AC-A23C,459
TCGA-BH-A1FE,460
TCGA-EW-A423,461
TCGA-09-2044,462
TCGA-E2-A14N,463
TCGA-74-6578,464
TCGA-E2-A14O,465
TCGA-AC-A5EH,466
TCGA-AN-A03Y,467
TCGA-44-6146,468
TCGA-A8-A092,469
TCGA-C8-A12Z,470
TCGA-A2-A0ES,471
TCGA-59-2352,472
TCGA-AG-3609,473
TCGA-AR-A1AH,474
TCGA-AP-A059,475
TCGA-BS-A0UJ,476
TCGA-24-1555,477
TCGA-AA-A01G,478
TCGA-BH-A0DL,479
TCGA-44-2665,480
TCGA-24-1434,481
TCGA-64-1678,482
TCGA-A2-A4S2,483
TCGA-AG-3608,484
TCGA-24-2281,485
TCGA-AA-A00L,486
TCGA-A2-A3XY,487
TCGA-24-1469,488
TCGA-50-5072,489
TCGA-AG-3727,490
TCGA-97-7941,491
TCGA-93-7347,492
TCGA-75-5126,493
TCGA-64-1679,494
TCGA-A8-A06O,495
TCGA-76-6656,496
TCGA-24-2024,497
TCGA-75-7027,498
TCGA-LL-A5YO,499
TCGA-GI-A2C8,500
TCGA-BH-A0B5,501
TCGA-A2-A3KD,502
TCGA-A8-A06P,503
TCGA-10-0935,504
TCGA-A7-A3IY,505
TCGA-A5-A0G9,506
TCGA-BH-A18I,507
TCGA-02-2470,508
TCGA-BH-A0E6,509
TCGA-BH-A0DG,510
TCGA-73-4676,511
TCGA-E2-A159,512
TCGA-75-5147,513
TCGA-AP-A0LP,514
TCGA-AP-A0L9,515
TCGA-D1-A16O,516
TCGA-E9-A22H,517
TCGA-BH-A0GZ,518
TCGA-AX-A05W,519
TCGA-AR-A24R,520
TCGA-26-5134,521
TCGA-AA-3866,522
TCGA-AR-A1AR,523
TCGA-BH-A0AV,524
TCGA-AX-A0IU,525
TCGA-16-1045,526
TCGA-A2-A0EV,527
TCGA-BH-A0DV,528
TCGA-AR-A1AQ,529
TCGA-13-1412,530
TCGA-E2-A14Q,531
TCGA-A7-A13H,532
TCGA-44-7662,533
TCGA-06-2570,534
TCGA-AA-3966,535
TCGA-13-0911,536
TCGA-BG-A0MT,537
TCGA-AC-A3W6,538
TCGA-C8-A1HJ,539
TCGA-E9-A243,540
TCGA-BH-A0B3,541
TCGA-E9-A1R2,542
TCGA-78-7156,543
TCGA-13-1499,544
TCGA-AN-A0AM,545
TCGA-BG-A0M9,546
TCGA-AA-A010,547
TCGA-05-4402,548
TCGA-06-0878,549
TCGA-AN-A0FJ,550
TCGA-BH-A18L,551
TCGA-BH-A0RX,552
TCGA-32-4719,553
TCGA-A8-A08O,554
TCGA-FI-A2F8,555
TCGA-25-1326,556
TCGA-AA-3854,557
TCGA-AG-3881,558
TCGA-AA-3980,559
TCGA-06-6694,560
TCGA-BK-A0CB,561
TCGA-AC-A2FM,562
TCGA-BG-A0M6,563
TCGA-AN-A0FL,564
TCGA-EO-A1Y5,565
TCGA-06-0939,566
TCGA-AX-A064,567
TCGA-50-5941,568
TCGA-C8-A12V,569
TCGA-76-6283,570
TCGA-AO-A03O,571
TCGA-A2-A0T3,572
TCGA-06-6389,573
TCGA-41-2571,574
TCGA-D1-A17Q,575
TCGA-04-1361,576
TCGA-AA-A00O,577
TCGA-05-4405,578
TCGA-D8-A27P,579
TCGA-13-1477,580
TCGA-AC-A23G,581
TCGA-19-4068,582
TCGA-05-5715,583
TCGA-E2-A1IO,584
TCGA-AC-A3BB,585
TCGA-06-5859,586
TCGA-D8-A1XV,587
TCGA-32-1986,588
TCGA-06-5413,589
TCGA-BH-A0E0,590
TCGA-13-1501,591
TCGA-61-2111,592
TCGA-BH-A0HP,593
TCGA-D1-A17T,594
TCGA-E9-A1R6,595
TCGA-E2-A15T,596
TCGA-A8-A093,597
TCGA-55-6970,598
TCGA-49-4507,599
TCGA-E9-A1N9,600
TCGA-61-1919,601
TCGA-59-2363,602
TCGA-61-2102,603
TCGA-06-0145,604
TCGA-78-7153,605
TCGA-AQ-A0Y5,606
TCGA-A7-A425,607
TCGA-BH-A203,608
TCGA-E9-A5UO,609
TCGA-78-7155,610
TCGA-E2-A1IL,611
TCGA-06-0649,612
TCGA-73-4659,613
TCGA-BH-A0EA,614
TCGA-B6-A0RI,615
TCGA-AA-A00Z,616
TCGA-BH-A0BM,617
TCGA-AA-A00W,618
TCGA-BG-A0M3,619
TCGA-AA-A01X,620
TCGA-14-1825,621
TCGA-A8-A095,622
TCGA-C8-A1HF,623
TCGA-D1-A17C,624
TCGA-05-5429,625
TCGA-10-0937,626
TCGA-12-0688,627
TCGA-25-1625,628
TCGA-A2-A1G6,629
TCGA-BH-A0EI,630
TCGA-BH-A18N,631
TCGA-A8-A08S,632
TCGA-A7-A13F,633
TCGA-19-5955,634
TCGA-AG-3612,635
TCGA-E2-A1IG,636
TCGA-AO-A128,637
TCGA-E2-A1L9,638
TCGA-AA-3856,639
TCGA-06-0142,640
TCGA-AP-A0LQ,641
TCGA-B5-A0K0,642
TCGA-28-5219,643
TCGA-76-6660,644
TCGA-E9-A1RB,645
TCGA-D1-A167,646
TCGA-B6-A0RG,647
TCGA-A2-A0D0,648
TCGA-BG-A0MG,649
TCGA-AA-3520,650
TCGA-61-2092,651
TCGA-A8-A08F,652
TCGA-A2-A3XU,653
TCGA-BH-A204,654
TCGA-61-2109,655
TCGA-BH-A0BJ,656
TCGA-AN-A03X,657
TCGA-14-0871,658
TCGA-AO-A12D,659
TCGA-AA-3525,660
TCGA-A7-A13E,661
TCGA-23-2081,662
TCGA-32-2634,663
TCGA-24-0979,664
TCGA-49-4487,665
TCGA-B5-A11N,666
TCGA-24-2288,667
TCGA-E9-A1ND,668
TCGA-E9-A228,669
TCGA-E2-A1BC,670
TCGA-06-0158,671
TCGA-59-2350,672
TCGA-A8-A09Z,673
TCGA-AP-A051,674
TCGA-32-1980,675
TCGA-A2-A1FX,676
TCGA-25-1316,677
TCGA-A5-A0GP,678
TCGA-AA-3831,679
TCGA-D8-A4Z1,680
TCGA-E9-A22E,681
TCGA-49-4486,682
TCGA-97-7554,683
TCGA-BH-A0B1,684
TCGA-06-0881,685
TCGA-A8-A08J,686
TCGA-A2-A0D3,687
TCGA-55-7815,688
TCGA-LL-A5YN,689
TCGA-27-2521,690
TCGA-06-0241,691
TCGA-A8-A08C,692
TCGA-06-0238,693
TCGA-AA-3867,694
TCGA-AA-A00K,695
TCGA-23-2072,696
TCGA-91-6840,697
TCGA-EW-A3E8,698
TCGA-BH-A0DT,699
TCGA-24-1562,700
TCGA-AC-A2FK,701
TCGA-BH-A0BT,702
TCGA-A5-A0VQ,703
TCGA-AR-A251,704
TCGA-A2-A25B,705
TCGA-A1-A0SI,706
TCGA-BH-A0BV,707
TCGA-A8-A09M,708
TCGA-AO-A1KS,709
TCGA-13-1506,710
TCGA-AC-A3TN,711
TCGA-AR-A1AX,712
TCGA-A2-A0CP,713
TCGA-16-0846,714
TCGA-A8-A09N,715
TCGA-LL-A5YP,716
TCGA-AA-3994,717
TCGA-D1-A16D,718
TCGA-A7-A2KD,719
TCGA-E2-A158,720
TCGA-13-1509,721
TCGA-06-0178,722
TCGA-50-6595,723
TCGA-AR-A24V,724
TCGA-AJ-A23M,725
TCGA-B6-A40C,726
TCGA-D8-A1XW,727
TCGA-61-2012,728
TCGA-A2-A25D,729
TCGA-44-6774,730
TCGA-A5-A0GD,731
TCGA-GM-A2DO,732
TCGA-41-4097,733
TCGA-13-1410,734
TCGA-AG-3583,735
TCGA-C8-A1HO,736
TCGA-A7-A0DB,737
TCGA-D1-A16X,738
TCGA-32-4211,739
TCGA-19-5954,740
TCGA-13-1492,741
TCGA-AC-A5EI,742
TCGA-AA-3811,743
TCGA-A7-A26E,744
TCGA-BH-A0E9,745
TCGA-BS-A0TI,746
TCGA-E9-A1NI,747
TCGA-AA-A024,748
TCGA-41-2573,749
TCGA-AO-A0JI,750
TCGA-BH-A0BC,751
TCGA-50-6593,752
TCGA-32-2632,753
TCGA-23-1027,754
TCGA-AA-3877,755
TCGA-A5-A0GB,756
TCGA-09-1659,757
TCGA-06-0240,758
TCGA-B5-A11M,759
TCGA-A8-A06T,760
TCGA-64-1676,761
TCGA-A7-A0DC,762
TCGA-06-2557,763
TCGA-AA-3678,764
TCGA-BH-A0C0,765
TCGA-A2-A3XS,766
TCGA-E9-A1NH,767
TCGA-B6-A0IB,768
TCGA-BH-A0DI,769
TCGA-55-7911,770
TCGA-12-3652,771
TCGA-D8-A27M,772
TCGA-AC-A3W7,773
TCGA-B6-A3ZX,774
TCGA-AX-A06B,775
TCGA-AA-3975,776
TCGA-D1-A174,777
TCGA-A8-A08G,778
TCGA-06-0169,779
TCGA-80-5608,780
TCGA-E2-A15G,781
TCGA-05-4249,782
TCGA-05-5420,783
TCGA-AA-A02F,784
TCGA-A8-A09X,785
TCGA-A5-A0R9,786
TCGA-D8-A1X8,787
TCGA-BS-A0TJ,788
TCGA-D8-A1JE,789
TCGA-AA-3976,790
TCGA-B6-A0IM,791
TCGA-28-2514,792
TCGA-AR-A0TX,793
TCGA-06-2562,794
TCGA-C8-A26X,795
TCGA-13-0726,796
TCGA-AA-A00F,797
TCGA-49-6744,798
TCGA-A5-A0R7,799
TCGA-49-6767,800
TCGA-AG-3599,801
TCGA-38-4627,802
TCGA-AP-A0LM,803
TCGA-BH-A18U,804
TCGA-BH-A0B9,805
TCGA-AX-A1C7,806
TCGA-10-0928,807
TCGA-B6-A1KI,808
TCGA-B6-A40B,809
TCGA-AA-A02H,810
TCGA-BH-A0HA,811
TCGA-61-2009,812
TCGA-E9-A1RD,813
TCGA-28-5218,814
TCGA-AA-3930,815
TCGA-50-6673,816
TCGA-AG-3601,817
TCGA-78-7152,818
TCGA-A5-A0GA,819
TCGA-AX-A05Y,820
TCGA-06-5856,821
TCGA-24-1418,822
TCGA-24-1552,823
TCGA-D8-A1J8,824
TCGA-A2-A04T,825
TCGA-E2-A14U,826
TCGA-95-7567,827
TCGA-06-5414,828
TCGA-A8-A079,829
TCGA-B6-A409,830
TCGA-D1-A17M,831
TCGA-E2-A1II,832
TCGA-BH-A0DD,833
TCGA-25-1315,834
TCGA-B6-A0IA,835
TCGA-13-0800,836
TCGA-A2-A0T7,837
TCGA-E9-A3X8,838
TCGA-13-0919,839
TCGA-AR-A2LN,840
TCGA-24-1422,841
TCGA-24-1614,842
TCGA-BH-A18R,843
TCGA-AA-3666,844
TCGA-A6-3807,845
TCGA-04-1349,846
TCGA-AA-3986,847
TCGA-06-0128,848
TCGA-14-0790,849
TCGA-D8-A1JK,850
TCGA-50-5939,851
TCGA-EW-A1PD,852
TCGA-24-1545,853
TCGA-05-4430,854
TCGA-19-2624,855
TCGA-AA-3673,856
TCGA-D8-A27R,857
TCGA-AA-A029,858
TCGA-AA-3860,859
TCGA-AO-A03U,860
TCGA-55-7281,861
TCGA-D8-A1JM,862
TCGA-91-7771,863
TCGA-OK-A5Q2,864
TCGA-A8-A0A1,865
TCGA-A7-A4SD,866
TCGA-D1-A0ZV,867
TCGA-19-5959,868
TCGA-A5-A0GX,869
TCGA-23-2077,870
TCGA-A5-A0GW,871
TCGA-EW-A1P8,872
TCGA-A8-A09I,873
TCGA-25-1313,874
TCGA-A8-A06N,875
TCGA-AN-A041,876
TCGA-D8-A1XU,877
TCGA-AA-3821,878
TCGA-A2-A0EW,879
TCGA-13-0730,880
TCGA-19-5947,881
TCGA-12-0821,882
TCGA-AR-A0TS,883
TCGA-09-1669,884
TCGA-D1-A15X,885
TCGA-BH-A0C3,886
TCGA-24-1464,887
TCGA-04-1525,888
TCGA-BH-A0E1,889
TCGA-D1-A17L,890
TCGA-64-1681,891
TCGA-25-2393,892
TCGA-AC-A2BM,893
TCGA-44-6779,894
TCGA-67-3773,895
TCGA-76-6285,896
TCGA-D1-A15Z,897
TCGA-OL-A5RY,898
TCGA-AG-3894,899
TCGA-28-5207,900
TCGA-EW-A2FR,901
TCGA-A6-3808,902
TCGA-BH-A1EV,903
TCGA-24-1426,904
TCGA-A1-A0SJ,905
TCGA-26-1439,906
TCGA-25-1628,907
TCGA-D1-A17N,908
TCGA-AO-A0J5,909
TCGA-04-1346,910
TCGA-A8-A082,911
TCGA-AA-A02O,912
TCGA-AO-A1KO,913
TCGA-06-0745,914
TCGA-AP-A0LT,915
TCGA-76-6193,916
TCGA-BG-A0MU,917
TCGA-AA-3812,918
TCGA-25-2399,919
TCGA-A2-A259,920
TCGA-AO-A0J8,921
TCGA-AA-3973,922
TCGA-13-1487,923
TCGA-GM-A2DL,924
TCGA-AG-3600,925
TCGA-76-4925,926
TCGA-AO-A0J6,927
TCGA-E2-A574,928
TCGA-59-2351,929
TCGA-D8-A27N,930
TCGA-BH-A0EB,931
TCGA-AG-3594,932
TCGA-A5-A0GQ,933
TCGA-25-1321,934
TCGA-06-0209,935
TCGA-A6-3810,936
TCGA-D8-A1XT,937
TCGA-D8-A1JF,938
TCGA-23-1022,939
TCGA-27-1838,940
TCGA-24-2030,941
TCGA-23-1116,942
TCGA-E9-A54X,943
TCGA-23-1021,944
TCGA-A2-A04Q,945
TCGA-AA-A01Z,946
TCGA-BH-A0B6,947
TCGA-B5-A0K9,948
TCGA-24-1556,949
TCGA-97-7937,950
TCGA-64-5775,951
TCGA-B6-A408,952
TCGA-69-7760,953
TCGA-78-7159,954
TCGA-28-5211,955
TCGA-04-1364,956
TCGA-13-1483,957
TCGA-D1-A16R,958
TCGA-76-6280,959
TCGA-B5-A11G,960
TCGA-32-2495,961
TCGA-24-1560,962
TCGA-06-0152,963
TCGA-A5-A0R6,964
TCGA-76-6286,965
TCGA-26-5135,966
TCGA-AA-3819,967
TCGA-73-4675,968
TCGA-E2-A1LB,969
TCGA-A2-A4RX,970
TCGA-14-0789,971
TCGA-BH-A28O,972
TCGA-BG-A0MC,973
TCGA-04-1362,974
TCGA-28-5204,975
TCGA-BH-A1F2,976
TCGA-AP-A053,977
TCGA-91-6835,978
TCGA-BH-A0B7,979
TCGA-24-1436,980
TCGA-28-2510,981
TCGA-B5-A0JS,982
TCGA-A2-A04R,983
TCGA-B5-A0K7,984
TCGA-23-1032,985
TCGA-36-1577,986
TCGA-EY-A212,987
TCGA-C8-A12N,988
TCGA-14-0787,989
TCGA-AR-A24X,990
TCGA-A8-A07F,991
TCGA-B6-A0WY,992
TCGA-AA-3956,993
TCGA-44-6776,994
TCGA-AA-3955,995
TCGA-23-1024,996
TCGA-E2-A14T,997
TCGA-BH-A0BS,998
TCGA-AC-A62Y,999
TCGA-24-1471,1000
TCGA-44-7659,1001
TCGA-23-1031,1002
TCGA-AA-3684,1003
TCGA-02-0033,1004
TCGA-69-7980,1005
TCGA-BH-A18J,1006
TCGA-06-0876,1007
TCGA-55-7914,1008
TCGA-AA-A00J,1009
TCGA-E2-A15K,1010
TCGA-91-6849,1011
TCGA-A2-A0YL,1012
TCGA-AG-3882,1013
TCGA-BG-A0LW,1014
TCGA-C8-A134,1015
TCGA-BG-A0VT,1016
TCGA-73-7498,1017
TCGA-D1-A16B,1018
TCGA-55-7907,1019
TCGA-EW-A1PG,1020
TCGA-02-2483,1021
TCGA-06-0166,1022
TCGA-B6-A1KF,1023
TCGA-06-6699,1024
TCGA-BH-A2L8,1025
TCGA-A8-A09K,1026
TCGA-AF-3913,1027
TCGA-AG-3611,1028
TCGA-A8-A084,1029
TCGA-A8-A099,1030
TCGA-59-2348,1031
TCGA-A2-A0CR,1032
TCGA-10-0931,1033
TCGA-B5-A0K4,1034
TCGA-02-2485,1035
TCGA-AN-A0XW,1036
TCGA-13-1497,1037
TCGA-B6-A0IO,1038
TCGA-D8-A27F,1039
TCGA-BK-A0CA,1040
TCGA-13-0791,1041
TCGA-28-2509,1042
TCGA-44-3396,1043
TCGA-A7-A4SE,1044
TCGA-06-0749,1045
TCGA-BH-A0DZ,1046
TCGA-44-6777,1047
TCGA-32-1982,1048
TCGA-67-6215,1049
TCGA-B5-A0K1,1050
TCGA-12-3653,1051
TCGA-D1-A103,1052
TCGA-16-0861,1053
TCGA-55-7576,1054
TCGA-13-0720,1055
TCGA-AA-3562,1056
TCGA-AC-A2FE,1057
TCGA-D8-A1XG,1058
TCGA-AA-3949,1059
TCGA-BH-A1FC,1060
TCGA-E9-A22B,1061
TCGA-D1-A16F,1062
TCGA-A7-A13D,1063
TCGA-A5-A0GV,1064
TCGA-55-6982,1065
TCGA-A2-A0CL,1066
TCGA-49-4506,1067
TCGA-B6-A0X0,1068
TCGA-13-0923,1069
TCGA-E2-A2P6,1070
TCGA-06-0747,1071
TCGA-A8-A07G,1072
TCGA-AR-A24L,1073
TCGA-B6-A0RQ,1074
TCGA-32-5222,1075
TCGA-E9-A1RF,1076
TCGA-AA-3667,1077
TCGA-AG-A036,1078
TCGA-BG-A0YV,1079
TCGA-06-0750,1080
TCGA-AG-3883,1081
TCGA-A7-A0D9,1082
TCGA-BH-A0HQ,1083
TCGA-EW-A1PE,1084
TCGA-AP-A1DQ,1085
TCGA-24-1466,1086
TCGA-E2-A573,1087
TCGA-D8-A1JT,1088
TCGA-19-5951,1089
TCGA-E2-A1LE,1090
TCGA-C8-A1HE,1091
TCGA-55-7724,1092
TCGA-GM-A5PX,1093
TCGA-A8-A09Q,1094
TCGA-OL-A5S0,1095
TCGA-24-1428,1096
TCGA-AG-3584,1097
TCGA-C8-A138,1098
TCGA-E9-A1NF,1099
TCGA-24-1548,1100
TCGA-06-5408,1101
TCGA-B6-A0IP,1102
TCGA-05-4384,1103
TCGA-BH-A0HI,1104
TCGA-25-1633,1105
TCGA-24-2293,1106
TCGA-AO-A0JL,1107
TCGA-DI-A0WH,1108
TCGA-78-7166,1109
TCGA-D1-A17R,1110
TCGA-76-6192,1111
TCGA-31-1950,1112
TCGA-50-5935,1113
TCGA-AC-A3W5,1114
TCGA-AR-A1AN,1115
TCGA-C8-A12T,1116
TCGA-C8-A26W,1117
TCGA-E9-A1NA,1118
TCGA-AC-A5XU,1119
TCGA-AO-A0JJ,1120
TCGA-BH-A18F,1121
TCGA-91-6829,1122
TCGA-AC-A3YJ,1123
TCGA-AG-3602,1124
TCGA-10-0934,1125
TCGA-BH-A18Q,1126
TCGA-06-0184,1127
TCGA-AG-A00H,1128
TCGA-BH-A0EE,1129
TCGA-06-2564,1130
TCGA-24-0966,1131
TCGA-D8-A1JP,1132
TCGA-12-0618,1133
TCGA-AA-3531,1134
TCGA-76-6282,1135
TCGA-06-2561,1136
TCGA-50-5932,1137
TCGA-A2-A0D2,1138
TCGA-AA-3947,1139
TCGA-DI-A1NN,1140
TCGA-36-1574,1141
TCGA-BH-A1FR,1142
TCGA-EW-A2FS,1143
TCGA-E9-A1RE,1144
TCGA-AQ-A04H,1145
TCGA-61-2104,1146
TCGA-AG-3605,1147
TCGA-B6-A0IJ,1148
TCGA-A1-A0SQ,1149
TCGA-AA-3556,1150
TCGA-76-4934,1151
TCGA-OL-A5RU,1152
TCGA-A8-A08R,1153
TCGA-E9-A1RA,1154
TCGA-OL-A66I,1155
TCGA-AA-A01T,1156
TCGA-EW-A1IZ,1157
TCGA-BH-A1EN,1158
TCGA-09-2053,1159
TCGA-A5-A0G5,1160
TCGA-LQ-A4E4,1161
TCGA-B6-A0RV,1162
TCGA-24-2035,1163
TCGA-A8-A07Z,1164
TCGA-AR-A5QP,1165
TCGA-AG-A015,1166
TCGA-64-5781,1167
TCGA-AA-3984,1168
TCGA-41-6646,1169
TCGA-06-0648,1170
TCGA-06-6701,1171
TCGA-06-0879,1172
TCGA-14-2554,1173
TCGA-AP-A0LE,1174
TCGA-13-1496,1175
TCGA-AX-A0IW,1176
TCGA-A5-A0GE,1177
TCGA-12-0619,1178
TCGA-LL-A440,1179
TCGA-A8-A09B,1180
TCGA-AP-A0LD,1181
TCGA-55-1596,1182
TCGA-E2-A1B1,1183
TCGA-AG-A014,1184
TCGA-D1-A165,1185
TCGA-59-2355,1186
TCGA-AN-A0FS,1187
TCGA-B6-A0IE,1188
TCGA-E9-A22G,1189
TCGA-36-1570,1190
TCGA-09-2045,1191
TCGA-BH-A18H,1192
TCGA-24-1104,1193
TCGA-B5-A0K3,1194
TCGA-78-7542,1195
TCGA-GM-A2DF,1196
TCGA-13-1494,1197
TCGA-74-6575,1198
TCGA-AR-A0TU,1199
TCGA-44-2666,1200
TCGA-28-5220,1201
TCGA-BH-A0DX,1202
TCGA-13-1481,1203
TCGA-E9-A248,1204
TCGA-06-0126,1205
TCGA-B6-A0I2,1206
TCGA-36-1576,1207
TCGA-BG-A0MS,1208
TCGA-13-0906,1209
TCGA-A2-A4RY,1210
TCGA-LL-A5YL,1211
TCGA-B5-A1MU,1212
TCGA-D1-A16N,1213
TCGA-BH-A0H9,1214
TCGA-C8-A12K,1215
TCGA-B5-A11Q,1216
TCGA-A2-A1FZ,1217
TCGA-BH-A1F0,1218
TCGA-23-1117,1219
TCGA-D1-A0ZR,1220
TCGA-GM-A3XG,1221
TCGA-13-0894,1222
TCGA-D8-A1XF,1223
TCGA-06-1806,1224
TCGA-A1-A0SB,1225
TCGA-24-1424,1226
TCGA-50-6597,1227
TCGA-13-0755,1228
TCGA-E2-A1LK,1229
TCGA-A8-A07R,1230
TCGA-AC-A2BK,1231
TCGA-AR-A255,1232
TCGA-E2-A109,1233
TCGA-A8-A07E,1234
TCGA-50-5044,1235
TCGA-E2-A15F,1236
TCGA-AA-3941,1237
TCGA-GM-A2DH,1238
TCGA-A7-A3RF,1239
TCGA-38-6178,1240
TCGA-BS-A0V7,1241
TCGA-A2-A0YE,1242
TCGA-D8-A1X5,1243
TCGA-E2-A10E,1244
TCGA-BH-A0C1,1245
TCGA-AP-A0LL,1246
TCGA-C8-A278,1247
TCGA-A8-A08B,1248
TCGA-AR-A2LK,1249
TCGA-24-1544,1250
TCGA-A5-A0VO,1251
TCGA-D8-A27H,1252
TCGA-35-3615,1253
TCGA-A8-A08H,1254
TCGA-AG-3578,1255
TCGA-24-0982,1256
TCGA-02-2486,1257
TCGA-49-4490,1258
TCGA-E2-A14Y,1259
TCGA-E2-A1IH,1260
TCGA-AA-3818,1261
TCGA-D8-A1Y3,1262
TCGA-AA-3554,1263
TCGA-24-1549,1264
TCGA-AC-A3TM,1265
TCGA-64-1680,1266
TCGA-57-1582,1267
TCGA-25-1318,1268
TCGA-AA-3560,1269
TCGA-41-3393,1270
TCGA-GM-A2DD,1271
TCGA-A8-A096,1272
TCGA-A2-A04X,1273
TCGA-D8-A1JL,1274
TCGA-09-2049,1275
TCGA-A8-A09G,1276
TCGA-A8-A07L,1277
TCGA-AR-A1AT,1278
TCGA-BH-A0W3,1279
TCGA-25-2391,1280
TCGA-AO-A0JA,1281
TCGA-AN-A0AR,1282
TCGA-GM-A5PV,1283
TCGA-06-2565,1284
TCGA-D1-A17A,1285
TCGA-E9-A1RG,1286
TCGA-20-0987,1287
TCGA-AA-3680,1288
TCGA-06-0650,1289
TCGA-D8-A1XK,1290
TCGA-D1-A160,1291
TCGA-E9-A1N4,1292
TCGA-13-1505,1293
TCGA-61-1995,1294
TCGA-61-2094,1295
TCGA-24-1565,1296
TCGA-E2-A1LL,1297
TCGA-A8-A08T,1298
TCGA-B6-A0IG,1299
TCGA-A2-A0YT,1300
TCGA-AC-A5XS,1301
TCGA-B5-A11W,1302
TCGA-BH-A0GY,1303
TCGA-AA-3516,1304
TCGA-A8-A08I,1305
TCGA-10-0930,1306
TCGA-A8-A07O,1307
TCGA-87-5896,1308
TCGA-D8-A1XQ,1309
TCGA-AA-3848,1310
TCGA-AA-3521,1311
TCGA-AN-A0XR,1312
TCGA-13-0795,1313
TCGA-32-4210,1314
TCGA-13-1403,1315
TCGA-BH-A0DQ,1316
TCGA-06-0173,1317
TCGA-C8-A27B,1318
TCGA-32-4209,1319
TCGA-AQ-A1H2,1320
TCGA-AG-3574,1321
TCGA-A2-A0YK,1322
TCGA-D8-A1XO,1323
TCGA-AN-A0FX,1324
TCGA-E2-A1L7,1325
TCGA-AG-A01W,1326
TCGA-D8-A1JJ,1327
TCGA-AP-A05D,1328
TCGA-44-7670,1329
TCGA-D8-A1Y0,1330
TCGA-26-5132,1331
TCGA-19-2620,1332
TCGA-B5-A0K6,1333
TCGA-24-0968,1334
TCGA-AX-A0J1,1335
TCGA-55-6979,1336
TCGA-12-3650,1337
TCGA-23-1030,1338
TCGA-A2-A0CV,1339
TCGA-AG-3890,1340
TCGA-13-0884,1341
TCGA-06-2569,1342
TCGA-E2-A15L,1343
TCGA-AO-A12H,1344
TCGA-BH-A18M,1345
TCGA-13-1507,1346
TCGA-AO-A12F,1347
TCGA-E2-A1IN,1348
TCGA-78-7145,1349
TCGA-55-7903,1350
TCGA-AA-A02W,1351
TCGA-EW-A1P0,1352
TCGA-AG-A02G,1353
TCGA-A8-A07U,1354
TCGA-AP-A0L8,1355
TCGA-A2-A0T6,1356
TCGA-49-4494,1357
TCGA-A5-A0RA,1358
TCGA-E2-A14S,1359
TCGA-EW-A1OZ,1360
TCGA-A2-A0SX,1361
TCGA-A1-A0SP,1362
TCGA-25-2404,1363
TCGA-14-1829,1364
TCGA-13-0762,1365
TCGA-E9-A2JT,1366
TCGA-AO-A03P,1367
TCGA-AO-A12B,1368
TCGA-AR-A5QQ,1369
TCGA-E9-A244,1370
TCGA-25-1317,1371
TCGA-BH-A0AY,1372
TCGA-A7-A4SF,1373
TCGA-06-0155,1374
TCGA-BH-A0DS,1375
TCGA-B6-A0X1,1376
TCGA-13-1510,1377
TCGA-E9-A1R7,1378
TCGA-D1-A0ZZ,1379
TCGA-A2-A0EX,1380
TCGA-26-1442,1381
TCGA-AQ-A54N,1382
TCGA-BH-A0HY,1383
TCGA-13-0724,1384
TCGA-06-0646,1385
TCGA-E2-A15O,1386
TCGA-EW-A1IW,1387
TCGA-14-0817,1388
TCGA-AR-A256,1389
TCGA-A7-A13G,1390
TCGA-49-4512,1391
TCGA-28-5213,1392
TCGA-AP-A0LG,1393
TCGA-GM-A2DC,1394
TCGA-04-1367,1395
TCGA-BK-A139,1396
TCGA-D1-A0ZS,1397
TCGA-BH-A0BL,1398
TCGA-27-1837,1399
TCGA-AA-3527,1400
TCGA-BS-A0TG,1401
TCGA-61-2000,1402
TCGA-A2-A0YC,1403
TCGA-BH-A0HN,1404
TCGA-A7-A426,1405
TCGA-02-0055,1406
TCGA-A6-2672,1407
TCGA-AA-A01V,1408
TCGA-AG-3580,1409
TCGA-BS-A0T9,1410
TCGA-D1-A16J,1411
TCGA-27-2518,1412
TCGA-50-5055,1413
TCGA-OL-A66K,1414
TCGA-D8-A1J9,1415
TCGA-AA-3695,1416
TCGA-24-1557,1417
TCGA-BH-A209,1418
TCGA-A8-A06R,1419
TCGA-BH-A0BZ,1420
TCGA-AG-4001,1421
TCGA-BH-A28Q,1422
TCGA-05-4425,1423
TCGA-A8-A094,1424
TCGA-D1-A16G,1425
TCGA-A2-A0D4,1426
TCGA-A2-A3XZ,1427
TCGA-BH-A0HB,1428
TCGA-13-0910,1429
TCGA-AG-4008,1430
TCGA-AN-A04C,1431
TCGA-55-7725,1432
TCGA-A2-A0SY,1433
TCGA-A2-A3XW,1434
TCGA-AO-A03R,1435
TCGA-05-4396,1436
TCGA-AA-3524,1437
TCGA-AG-A026,1438
TCGA-D1-A17U,1439
TCGA-GM-A2DB,1440
TCGA-AC-A2QJ,1441
TCGA-AA-A01P,1442
TCGA-75-6203,1443
TCGA-13-0891,1444
TCGA-A7-A0DA,1445
TCGA-A2-A0EM,1446
TCGA-23-1120,1447
TCGA-05-4432,1448
TCGA-AO-A124,1449
TCGA-AA-3685,1450
TCGA-OL-A5RX,1451
TCGA-AP-A0LN,1452
TCGA-55-6980,1453
TCGA-06-0139,1454
TCGA-EW-A1PB,1455
TCGA-AO-A0J3,1456
TCGA-14-4157,1457
TCGA-13-0920,1458
TCGA-25-1623,1459
TCGA-05-4417,1460
TCGA-BS-A0TC,1461
TCGA-24-1564,1462
TCGA-D8-A27G,1463
TCGA-E2-A15H,1464
TCGA-D1-A17S,1465
TCGA-AC-A23E,1466
TCGA-BH-A0AZ,1467
TCGA-09-0369,1468
TCGA-25-2409,1469
TCGA-A8-A075,1470
TCGA-05-4415,1471
TCGA-C8-A12P,1472
TCGA-AN-A0FZ,1473
TCGA-09-2051,1474
TCGA-E2-A10C,1475
TCGA-D8-A1XR,1476
TCGA-AO-A12G,1477
TCGA-B5-A0JT,1478
TCGA-E9-A249,1479
TCGA-BG-A18C,1480
TCGA-AO-A125,1481
TCGA-13-0912,1482
TCGA-A7-A3J0,1483
TCGA-AF-2691,1484
TCGA-BG-A0M4,1485
TCGA-24-2260,1486
TCGA-A2-A3XX,1487
TCGA-AN-A049,1488
TCGA-25-1627,1489
TCGA-06-0219,1490
TCGA-C8-A12U,1491
TCGA-B6-A2IU,1492
TCGA-A2-A0CW,1493
TCGA-27-1831,1494
TCGA-AO-A0JE,1495
TCGA-24-1463,1496
TCGA-23-1124,1497
TCGA-05-4424,1498
TCGA-BH-A1FG,1499
TCGA-D8-A140,1500
TCGA-06-0744,1501
TCGA-E2-A15E,1502
TCGA-76-6661,1503
TCGA-44-2659,1504
TCGA-AX-A05Z,1505
TCGA-A2-A1G4,1506
TCGA-BH-A0HU,1507
TCGA-AN-A0FW,1508
TCGA-D8-A1JS,1509
TCGA-B6-A400,1510
TCGA-AN-A0AS,1511
TCGA-AQ-A1H3,1512
TCGA-AA-A004,1513
TCGA-BH-A0HO,1514
TCGA-AA-3552,1515
TCGA-06-0188,1516
TCGA-12-5299,1517
TCGA-E9-A22A,1518
TCGA-A8-A09D,1519
TCGA-05-4422,1520
TCGA-74-6573,1521
TCGA-06-0130,1522
TCGA-BH-A0W4,1523
TCGA-B5-A0JN,1524
TCGA-78-7536,1525
TCGA-06-2563,1526
TCGA-BK-A0CC,1527
TCGA-BG-A18A,1528
TCGA-05-4382,1529
TCGA-05-4420,1530
TCGA-AO-A1KT,1531
TCGA-28-6450,1532
TCGA-B5-A0JY,1533
TCGA-44-6775,1534
TCGA-BH-A0DK,1535
TCGA-AR-A1AV,1536
TCGA-14-1456,1537
TCGA-AA-3517,1538
TCGA-06-0168,1539
TCGA-AY-4071,1540
TCGA-75-6211,1541
TCGA-EO-A1Y8,1542
TCGA-AA-3855,1543
TCGA-BG-A0MO,1544
TCGA-AR-A24S,1545
TCGA-BH-A0H7,1546
TCGA-53-7626,1547
TCGA-D8-A1JD,1548
TCGA-BH-A1F5,1549
TCGA-06-0875,1550
TCGA-E2-A14P,1551
TCGA-75-6205,1552
TCGA-AN-A0FD,1553
TCGA-50-5944,1554
TCGA-49-6742,1555
TCGA-AA-3530,1556
TCGA-E9-A2JS,1557
TCGA-D8-A13Y,1558
TCGA-E2-A2P5,1559
TCGA-06-0157,1560
TCGA-BS-A0U9,1561
TCGA-23-1026,1562
TCGA-HN-A2NL,1563
TCGA-AN-A0XP,1564
TCGA-09-1665,1565
TCGA-AA-3870,1566
TCGA-D1-A1NU,1567
TCGA-13-0760,1568
TCGA-BH-A0E2,1569
TCGA-23-2079,1570
TCGA-GM-A2DK,1571
TCGA-BH-A0DP,1572
TCGA-24-2280,1573
TCGA-A2-A04V,1574
TCGA-D8-A147,1575
TCGA-EW-A2FW,1576
TCGA-23-1028,1577
TCGA-AO-A0JC,1578
TCGA-A7-A0CG,1579
TCGA-04-1365,1580
TCGA-24-2019,1581
TCGA-13-1495,1582
TCGA-GI-A2C9,1583
TCGA-A2-A4RW,1584
TCGA-BH-A0DE,1585
TCGA-AC-A62X,1586
TCGA-AG-A016,1587
TCGA-13-0913,1588
TCGA-AN-A0XN,1589
TCGA-AX-A1C8,1590
TCGA-B6-A401,1591
TCGA-B5-A11R,1592
TCGA-41-5651,1593
TCGA-A2-A3Y0,1594
TCGA-BS-A0UL,1595
TCGA-AG-3898,1596
TCGA-AP-A0LI,1597
TCGA-B5-A11O,1598
TCGA-06-0119,1599
TCGA-AR-A2LR,1600
TCGA-E9-A1R3,1601
TCGA-38-4628,1602
TCGA-57-1993,1603
TCGA-95-7039,1604
TCGA-BH-A42T,1605
TCGA-D8-A1XC,1606
TCGA-25-2396,1607
TCGA-A8-A08L,1608
TCGA-04-1337,1609
TCGA-D1-A17H,1610
TCGA-LL-A50Y,1611
TCGA-D1-A17D,1612
TCGA-A2-A04P,1613
TCGA-61-1728,1614
TCGA-E9-A1RC,1615
TCGA-13-0807,1616
TCGA-GM-A2DA,1617
TCGA-25-1329,1618
TCGA-BH-A1EO,1619
TCGA-14-3476,1620
TCGA-AA-A02J,1621
TCGA-76-6662,1622
TCGA-AA-3864,1623
TCGA-A1-A0SD,1624
TCGA-75-7030,1625
TCGA-12-5301,1626
TCGA-13-0897,1627
TCGA-E2-A10F,1628
TCGA-91-6828,1629
TCGA-E2-A15I,1630
TCGA-A8-A08Z,1631
TCGA-FI-A2EX,1632
TCGA-B5-A0K2,1633
TCGA-AR-A24H,1634
TCGA-13-0885,1635
TCGA-AA-3858,1636
TCGA-AR-A1AL,1637
TCGA-E2-A1LS,1638
TCGA-BS-A0V8,1639
TCGA-50-5931,1640
TCGA-25-1319,1641
TCGA-E2-A14W,1642
TCGA-14-0781,1643
TCGA-AO-A0J2,1644
TCGA-A2-A0SW,1645
TCGA-C8-A275,1646
TCGA-95-7948,1647
TCGA-74-6584,1648
TCGA-BH-A1FM,1649
TCGA-BG-A0VW,1650
TCGA-27-1834,1651
TCGA-78-7149,1652
TCGA-14-1034,1653
TCGA-A8-A0A4,1654
TCGA-BH-A0W5,1655
TCGA-D1-A1NX,1656
TCGA-A8-A083,1657
TCGA-AN-A0FY,1658
TCGA-AP-A0LJ,1659
TCGA-AP-A052,1660
TCGA-A5-A0GH,1661
TCGA-A7-A0CH,1662
TCGA-A5-A0GU,1663
TCGA-PE-A5DD,1664
TCGA-24-1551,1665
TCGA-C8-A12L,1666
TCGA-A5-A0GJ,1667
TCGA-A8-A09C,1668
TCGA-E2-A1B0,1669
TCGA-13-0886,1670
TCGA-32-2638,1671
TCGA-91-6847,1672
TCGA-13-0905,1673
TCGA-75-5122,1674
TCGA-06-0165,1675
TCGA-B5-A0JV,1676
TCGA-B6-A0RN,1677
TCGA-AN-A0AJ,1678
TCGA-A2-A4S0,1679
TCGA-E2-A1B6,1680
TCGA-AN-A0G0,1681
TCGA-B5-A11U,1682
TCGA-55-6986,1683
TCGA-19-1790,1684
TCGA-E2-A108,1685
TCGA-A2-A1FV,1686
TCGA-B6-A0WS,1687
TCGA-24-1470,1688
TCGA-A8-A06Q,1689
TCGA-B6-A0I1,1690
TCGA-75-6212,1691
TCGA-A7-A26I,1692
TCGA-24-1474,1693
TCGA-E9-A226,1694
TCGA-AC-A3YI,1695
TCGA-B5-A0JZ,1696
TCGA-AG-3575,1697
TCGA-23-1110,1698
TCGA-E9-A1R0,1699
TCGA-BH-A0AU,1700
TCGA-D1-A16I,1701
TCGA-06-0189,1702
TCGA-27-1830,1703
TCGA-09-1666,1704
TCGA-BH-A0DO,1705
TCGA-A7-A0CJ,1706
TCGA-AA-3875,1707
TCGA-EW-A1J2,1708
TCGA-AN-A0FK,1709
TCGA-A8-A086,1710
TCGA-04-1357,1711
TCGA-EW-A1PC,1712
TCGA-A5-A0GM,1713
TCGA-04-1332,1714
TCGA-73-4662,1715
TCGA-A6-2674,1716
TCGA-B6-A0I6,1717
TCGA-AX-A060,1718
TCGA-49-4488,1719
TCGA-AP-A05A,1720
TCGA-AN-A0XL,1721
TCGA-13-0804,1722
TCGA-AX-A05U,1723
TCGA-13-0889,1724
TCGA-09-1662,1725
TCGA-06-0122,1726
TCGA-E2-A1IK,1727
TCGA-GM-A2D9,1728
TCGA-E2-A155,1729
TCGA-AR-A0U1,1730
TCGA-HN-A2OB,1731
TCGA-A2-A0T4,1732
TCGA-EW-A1J6,1733
TCGA-EW-A3U0,1734
TCGA-EW-A1IX,1735
TCGA-AO-A1KP,1736
TCGA-09-2050,1737
TCGA-AR-A254,1738
TCGA-BH-A1FU,1739
TCGA-06-0190,1740
TCGA-24-1604,1741
TCGA-A2-A3XT,1742
TCGA-D1-A176,1743
TCGA-04-1338,1744
TCGA-86-7714,1745
TCGA-D1-A16Y,1746
TCGA-93-7348,1747
TCGA-AR-A1AM,1748
TCGA-55-6642,1749
TCGA-13-0887,1750
TCGA-AA-A00Q,1751
TCGA-D1-A169,1752
TCGA-GM-A3NY,1753
TCGA-B6-A0WW,1754
TCGA-D1-A102,1755
TCGA-E9-A295,1756
TCGA-D1-A0ZP,1757
TCGA-E9-A1R4,1758
TCGA-AA-A01I,1759
TCGA-E2-A570,1760
TCGA-76-4929,1761
TCGA-A7-A5ZX,1762
TCGA-38-4626,1763
TCGA-AA-3851,1764
TCGA-05-4410,1765
TCGA-06-6390,1766
TCGA-D8-A27W,1767
TCGA-AO-A0J7,1768
TCGA-C8-A27A,1769
TCGA-86-7713,1770
TCGA-A7-A56D,1771
TCGA-E2-A1B4,1772
TCGA-B6-A0IK,1773
TCGA-B6-A0WT,1774
TCGA-BH-A5IZ,1775
TCGA-A7-A4SB,1776
TCGA-A8-A07B,1777
TCGA-AA-3982,1778
TCGA-A8-A0A9,1779
TCGA-AP-A054,1780
TCGA-23-1118,1781
TCGA-05-4389,1782
TCGA-55-6712,1783
TCGA-AG-A020,1784
TCGA-59-2354,1785
TCGA-44-2655,1786
TCGA-BH-A0H6,1787
TCGA-41-2575,1788
TCGA-D8-A1XM,1789
TCGA-61-1998,1790
TCGA-23-2078,1791
TCGA-13-2060,1792
TCGA-A1-A0SN,1793
TCGA-06-6695,1794
TCGA-AR-A5QN,1795
TCGA-AO-A0JM,1796
TCGA-D8-A3Z6,1797
TCGA-05-5428,1798
TCGA-E2-A1BD,1799
TCGA-AG-3586,1800
TCGA-AR-A2LO,1801
TCGA-BH-A0BQ,1802
TCGA-14-0862,1803
TCGA-61-2088,1804
TCGA-E2-A1LI,1805
TCGA-13-0899,1806
TCGA-A8-A07C,1807
TCGA-A8-A0AB,1808
TCGA-06-2567,1809
TCGA-AR-A1AJ,1810
TCGA-55-1594,1811
TCGA-26-5133,1812
TCGA-EW-A1OY,1813
TCGA-13-1482,1814
TCGA-AR-A1AS,1815
TCGA-BH-A1ES,1816
TCGA-E2-A1LG,1817
TCGA-EW-A2FV,1818
TCGA-32-1977,1819
TCGA-E9-A1N5,1820
TCGA-A2-A1FW,1821
TCGA-61-2110,1822
TCGA-A2-A0CO,1823
TCGA-55-6978,1824
TCGA-C8-A1HG,1825
TCGA-AC-A2FG,1826
